Group,Subgroup,Num. nodes,Num. edges,Density,Diameter
control,dyn,2553,876114,0.26894231017169545,0
treatment,dyn,2553,869464,0.2669009475606177,0
